case number,Timestamp,"What were the specific mental, medical, or physical conditions of the tenant, if any? ",Did the decision state that the tenant had children living with them?,Was the tenant employed at the time of the hearing?,"If the tenant was not employed, did the decision state the tenant was receiving any form of government assistance (e.g. OW, childcare benefits, ODSP, OSAP)?","If the tenant was employed, did the decision state any doubts about the stability of employment e.g. lack of guaranteed hours, contract work, etc.?",Did the member find the tenant had sufficient income to pay rent?,Did the decision mention the tenant lost their job leading up to or during the period of the hearing?,"Did the decision mention any other extenuating circumstances experienced by the tenant leading up to or during the period of the claim (e.g. hospitalization, death in the family, etc.)?","Did the decision mention the tenantâ€™s difficulty finding alternative housing for any reason e.g.physical limitations, reliance on social assistance, etc.?",Did the decision state the tenant was given prior notice for the eviction?,Did the decisions state postponement would result in the tenant accruing additional arrears?,Which other specific applications of the landlord or the tenant were mentioned?,Did the decision mention the validity of an N4 eviction notice?,Payment Plan
CEL-87788-19,11/18/2020 0:31:41,1,1,1,-1,-1,1,0,1,0,0,0,"['L2', 'N8']",0,0.0
CEL-90549-19,11/18/2020 19:26:30,1,1,-1,1,0,0,0,0,0,1,1,[],0,0.5
TEL-94478-18,12/24/2020 9:19:21,0,0,0,0,0,0,0,0,0,1,0,[],0,0.0
TEL-94493-18,12/24/2020 6:13:17,0,1,0,0,0,0,0,1,0,1,0,[],0,1.0
CEL-72994-18,11/19/2020 17:02:37,1,0,0,1,0,0,0,0,0,1,0,[],0,0.5
CEL-73021-18,11/19/2020 17:14:22,0,0,0,-1,0,0,0,0,0,1,0,"['L1', 'L2']",0,0.0
CEL-73052-18,11/19/2020 17:26:00,0,0,0,0,0,1,0,0,0,1,1,"['L1', 'L2', 'N5']",0,0.0
CEL-73107-18-RV,11/19/2020 18:31:42,0,0,0,1,-1,0,0,0,0,1,1,"['L1', 'L2']",0,0.0
CEL-73197-18,11/19/2020 18:43:01,1,0,1,0,0,0,0,1,0,1,0,"['L1', 'L2', 'T2', 'T6']",0,0.0
CEL-73575-18,11/19/2020 19:07:50,0,0,0,0,0,0,0,0,0,1,0,"['L1', 'L2', 'N5', 'N8']",0,0.0
CEL-73640-18,11/19/2020 21:23:48,0,0,0,0,0,0,0,0,0,1,0,"['L1', 'L2', 'T1', 'T2', 'T6', 'N5']",0,0.0
CEL-73767-18,11/30/2020 21:23:51,0,0,0,0,0,1,0,0,0,1,0,"['L2', 'L9', 'N5']",0,0.0
CEL-90549-19,11/21/2020 19:11:58,1,1,-1,1,0,0,0,0,0,1,1,[],0,0.5
TNL-10004-18,11/21/2020 19:21:16,0,0,0,-1,-1,0,0,0,0,1,0,[],0,0.0
TNL-10206-18,11/21/2020 19:31:29,0,1,-1,1,0,0,0,0,0,1,0,[],0,0.5
TNL-10272-18,11/21/2020 20:05:51,0,0,1,-1,1,1,0,0,0,1,0,[],0,0.5
CEL-73963-18-RV,11/21/2020 20:34:14,1,1,1,0,0,1,1,1,0,1,0,"['L1', 'L4']",0,1.0
CEL-73985-18,11/21/2020 20:50:40,0,0,0,0,0,0,0,0,0,0,0,"['L1', 'T2']",0,0.0
CEL-74056-18,11/21/2020 21:09:18,0,1,0,0,0,0,0,0,0,1,0,[],0,0.5
TEL-87330-18,1/28/2021 20:19:35,0,0,0,0,0,0,0,0,0,1,0,[],0,0.5
TEL-87339-18,1/28/2021 20:21:19,0,0,0,0,0,0,0,0,0,1,1,[],0,0.0
CEL-90549-19,11/22/2020 19:45:48,1,1,-1,1,-1,0,0,0,0,1,1,[],0,0.5
CEL-64556-17-RV,12/27/2020 20:14:47,0,0,1,0,1,0,0,0,0,1,1,['L1'],0,0.0
CEL-64707-17,1/6/2021 12:23:35,0,0,0,0,0,0,0,0,0,0,1,['L1'],0,0.0
TNL-95328-17,11/23/2020 20:37:29,0,0,0,0,-1,0,0,0,0,1,1,[],0,0.0
TNL-95937-17,11/23/2020 20:47:34,1,0,0,0,-1,0,0,0,0,0,0,['T6'],0,0.0
TNL-99287-17,11/24/2020 8:14:05,0,0,0,0,0,1,0,1,0,0,0,"['L2', 'T2']",0,1.0
SWL-16867-18,11/26/2020 12:26:53,0,0,0,0,0,0,0,0,0,1,0,"['L1', 'L2']",0,0.0
SWL-16931-18,11/26/2020 12:38:24,0,0,0,0,0,0,0,0,0,1,0,"['L1', 'L2']",0,0.0
SWL-17141-18,11/26/2020 12:52:49,0,1,-1,1,0,0,0,0,0,1,0,[],0,0.0
SWL-17145-18,11/26/2020 13:24:29,1,0,0,0,0,0,0,0,1,1,0,[],1,0.0
SWL-17145-18,11/26/2020 13:29:30,1,0,0,0,0,0,0,0,1,1,0,[],1,0.0
 SWL-17348-18,11/26/2020 13:40:11,0,0,0,0,0,0,0,0,0,1,0,"['L1', 'L2']",0,0.0
SWL-17590-18,11/26/2020 13:49:26,0,0,0,0,0,0,0,0,0,1,0,[],0,0.5
TEL-89487-18,1/14/2021 14:35:46,0,0,0,0,0,0,0,0,0,1,0,"['L1', 'L2']",0,0.0
TNL-99830-17,11/27/2020 20:53:20,0,0,0,0,-1,1,0,1,0,1,0,['L2'],0,1.0
TNL-99928-17,11/27/2020 21:03:21,0,1,1,0,1,0,0,1,1,1,1,[],0,0.5
TNT-05236-18,11/27/2020 21:38:24,0,0,0,0,0,1,0,1,0,1,0,['T2'],0,0.0
TSL-00273-18,11/27/2020 21:53:14,0,0,0,0,0,0,0,0,0,1,0,"['L1', 'L2', 'N5']",0,0.0
CEL-74078-18-RV,11/30/2020 14:10:45,0,0,0,0,0,0,0,0,0,0,0,['L1'],1,0.0
CEL-74519-18,11/30/2020 14:26:41,0,0,0,0,0,0,0,0,0,1,0,['N8'],0,0.0
CEL-74645-18,11/30/2020 21:42:21,1,0,1,0,-1,0,0,1,0,1,0,[],0,0.0
CEL-75210-18,11/30/2020 21:57:50,0,0,0,0,0,0,0,0,0,1,0,[],0,0.5
CEL-75340-18,11/30/2020 22:22:25,0,1,1,0,-1,0,0,0,0,1,0,"['L1', 'L2', 'N8']",0,0.0
CEL-75636-18,12/1/2020 15:43:40,0,0,0,0,0,0,0,0,0,1,0,"['L1', 'L2', 'N7']",0,0.0
CEL-76112-18-RV,12/1/2020 15:57:05,1,0,0,1,0,0,0,1,0,1,0,"['L1', 'L2', 'N5']",0,0.0
SWL-17723-18,12/2/2020 20:24:29,0,0,0,0,0,0,0,0,0,1,0,['L2'],0,0.0
SWL-18289-18,12/2/2020 20:35:06,0,0,0,1,0,0,1,1,1,1,0,[],0,0.0
SWL-18712-18,12/2/2020 20:47:37,0,0,0,0,0,0,0,0,0,1,0,['N8'],0,0.0
SWL-19968-18-SA,1/6/2021 10:20:48,0,0,0,0,0,0,0,0,0,1,0,"['L1', 'L3']",0,0.0
SWL-20248-18   ,12/2/2020 21:16:55,0,0,0,1,0,0,0,0,0,1,0,"['L1', 'L2']",0,1.0
TEL-01781-19,12/2/2020 22:57:56,1,1,0,1,-1,1,1,0,0,1,0,['N8'],0,0.0
SWL-20341-18,12/3/2020 20:36:02,0,0,0,0,0,0,0,0,0,1,0,"['L1', 'L2', 'N5', 'N7']",0,0.0
SWL-21921-18,12/3/2020 20:57:07,0,0,0,0,0,0,0,0,0,1,0,[],0,0.0
TEL-80518-17-RV,12/3/2020 21:04:18,0,0,0,0,0,1,0,0,0,1,0,[],0,0.0
TEL-81897-17,12/3/2020 21:16:57,0,1,0,0,0,0,0,0,1,1,0,[],0,0.0
TEL-81898-17,12/5/2020 0:28:16,0,1,0,0,0,0,0,0,1,1,0,[],0,0.0
TEL-81899-17,12/5/2020 0:38:10,0,1,0,0,0,0,0,0,1,1,0,[],0,0.0
TEL-84192-17,12/5/2020 0:46:05,0,0,0,0,0,0,0,0,0,1,0,"['L1', 'L2']",0,1.0
TEL-84647-17,12/7/2020 19:41:28,0,0,0,0,0,0,0,0,0,1,0,[],0,0.0
TEL-84691-17-RV,12/7/2020 20:00:24,1,0,0,0,0,0,0,0,0,1,0,[],0,0.0
TEL-85031-17,12/7/2020 20:08:46,0,1,0,0,0,0,0,0,0,1,0,[],0,0.5
TEL-85218-17,12/7/2020 20:46:08,0,0,0,0,0,0,0,0,0,1,0,"['L1', 'L2']",0,0.0
TEL-85406-17   ,12/7/2020 20:59:44,0,0,0,0,0,0,0,0,0,1,0,[],0,0.0
TEL-85406-17,12/8/2020 20:00:08,0,0,0,0,0,0,0,0,0,1,0,[],0,0.0
TEL-85465-17-RV,12/8/2020 20:21:29,1,0,0,1,0,0,0,0,1,1,0,[],0,0.5
TEL-85893-17,12/8/2020 20:41:36,0,0,0,0,0,0,0,0,0,1,0,[],0,0.5
TEL-86027-17,12/8/2020 20:48:05,0,0,0,0,0,0,0,0,0,1,0,"['L1', 'L2']",0,0.0
CEL-76171-18,12/18/2020 21:29:13,0,1,0,0,0,0,0,1,0,1,0,"['L1', 'L2', 'T2']",0,0.0
CEL-76435-18,12/18/2020 21:35:00,0,0,0,0,0,0,0,0,0,1,0,[],0,0.0
CEL-77001-18,12/18/2020 21:53:59,0,0,0,0,0,0,0,1,0,1,0,"['L2', 'L9', 'N5']",0,0.0
CEL-77276-18,12/20/2020 14:25:47,0,0,0,0,0,0,0,0,0,1,0,"['L1', 'L2', 'N5']",0,0.0
CEL-77276-18,1/4/2021 12:05:21,0,0,0,0,0,0,0,0,0,1,0,"['L1', 'L2', 'N5']",0,0.0
CEL-77282-18-RV,12/20/2020 14:35:33,0,0,0,0,0,0,0,0,0,1,0,"['L1', 'L2']",0,0.0
CEL-77291-18,12/20/2020 14:49:49,1,1,1,0,-1,0,0,1,0,1,0,[],0,1.0
CEL-77313-18,12/22/2020 11:14:43,0,0,1,0,-1,0,0,0,0,1,0,[],0,1.0
CEL-77387-18,12/22/2020 11:26:09,0,0,0,0,0,0,0,0,0,1,0,[],0,0.0
CEL-77588-18,12/22/2020 11:39:22,0,1,1,0,-1,0,1,0,0,1,0,"['L1', 'L2', 'L8']",1,0.0
CEL-77598-18,12/22/2020 11:50:28,0,0,-1,-1,0,0,0,1,1,1,0,"['L1', 'L2']",0,0.5
TSL-81051-17,12/22/2020 17:40:04,0,0,0,0,-1,0,0,0,0,1,0,[],0,0.0
TSL-81884-17,12/22/2020 17:52:39,0,0,0,0,0,1,0,0,0,1,0,"['T2', 'T3']",0,0.0
TSL-82628-17-RV-HR,12/22/2020 18:07:26,0,0,0,0,0,0,0,0,0,1,0,"['L1', 'L2']",0,0.0
TSL-86215-17,12/22/2020 18:24:14,0,0,0,0,0,0,0,0,0,1,0,['L1'],0,0.0
CEL-77739-18,12/22/2020 19:31:29,0,1,0,0,0,0,0,0,1,1,1,[],0,0.0
CEL-77833-18,12/22/2020 19:46:13,0,0,0,0,0,0,0,1,0,1,0,"['L1', 'L2', 'N7']",0,0.0
CEL-77933-18,12/22/2020 20:11:21,0,0,0,0,0,0,0,0,0,1,1,"['L1', 'T6']",0,0.0
CEL-78005-18-RV,12/22/2020 20:33:55,0,0,0,0,0,0,0,0,0,1,1,"['L1', 'L2', 'N5']",0,0.5
TEL-89489-18,1/14/2021 14:39:09,1,0,-1,-1,0,0,0,1,0,1,0,"['L1', 'L2']",0,0.5
CEL-78138-18,12/23/2020 12:52:08,0,0,0,0,0,0,0,0,0,1,0,[],0,0.0
TSL-86427-17-RV,12/23/2020 18:46:05,1,0,0,0,0,0,0,1,0,1,0,"['L1', 'L9']",0,1.0
TSL-87859-17,12/23/2020 19:00:33,0,0,1,0,0,1,0,0,0,1,0,"['T3', 'T5', 'T6']",1,0.0
CEL-78307-18,12/23/2020 19:21:40,0,0,0,0,0,0,0,0,0,1,1,"['L1', 'L2']",0,0.0
CEL-78365-18,12/23/2020 19:35:15,1,0,0,0,0,0,0,0,0,1,1,"['L1', 'L2']",0,0.0
CEL-78430-18,12/23/2020 19:47:40,0,0,0,0,0,0,0,0,0,1,0,"['L1', 'L2', 'N5', 'N6', 'N8']",0,0.0
CEL-78549-18,12/23/2020 19:59:45,0,0,0,0,0,0,0,0,0,1,0,"['L1', 'L2', 'N5']",0,0.0
TEL-89525-18,1/14/2021 14:44:26,0,0,0,0,0,0,0,0,0,1,0,"['L1', 'L8']",0,0.0
TEL-89565-18,1/14/2021 14:51:54,0,0,0,0,0,0,0,0,0,1,0,"['L1', 'L2']",0,0.0
TEL-89604-18,1/14/2021 14:56:52,0,0,0,0,0,0,0,0,0,1,0,"['L1', 'L2']",0,0.0
TEL-89637-18,1/14/2021 15:01:08,0,0,0,0,0,0,0,0,0,1,0,"['L1', 'L2']",0,0.0
TEL-89644-18,1/14/2021 15:03:49,0,0,0,0,0,0,0,0,0,1,0,[],0,0.0
TEL-94512-18,12/24/2020 6:25:32,0,0,0,0,0,0,0,1,0,1,0,[],0,0.0
TEL-94597-18,12/24/2020 6:36:23,0,1,0,0,0,0,0,0,0,0,0,['N5'],0,0.0
TEL-94661-18,12/24/2020 6:53:55,0,0,0,0,0,0,0,0,0,1,0,[],0,0.0
TEL-94869-18,12/24/2020 7:02:58,1,0,1,0,-1,1,0,1,0,1,0,[],0,0.0
TEL-94870-18,12/24/2020 7:09:35,0,0,0,0,0,0,0,0,0,0,0,[],1,0.0
TEL-94962-18,12/24/2020 7:19:12,0,0,0,0,0,0,0,1,0,1,0,[],0,0.0
TEL-95255-18,12/24/2020 7:24:39,0,0,0,0,0,0,0,0,0,1,0,"['L1', 'L2']",0,0.0
TEL-95255-18-AM   ,12/24/2020 7:30:46,0,0,0,0,0,0,0,0,0,1,0,"['L1', 'L2']",0,0.0
TEL-95457-18,12/24/2020 7:41:49,0,0,0,0,0,0,0,0,0,1,0,['N5'],0,0.0
TEL-95691-18-IN,12/24/2020 7:50:05,0,0,0,0,0,0,0,0,0,1,0,"['L1', 'L2']",0,0.0
TEL-96002-18,12/24/2020 8:04:24,0,1,1,0,-1,0,0,1,1,1,0,[],0,0.0
TEL-96550-18,12/24/2020 8:32:04,0,0,0,0,0,0,0,0,0,1,0,"['L1', 'L2']",0,0.0
TEL-96690-18-SA,12/24/2020 8:41:24,0,1,1,0,1,1,1,0,0,1,0,[],0,1.0
 TSL-89992-17,12/24/2020 8:51:04,0,1,0,0,0,0,0,0,0,1,0,[],0,0.0
 TEL-94512-18,12/24/2020 9:27:25,0,0,0,0,0,0,0,1,0,0,0,[],0,0.0
TET-89650-18 / TET-89650-18,12/24/2020 10:06:45,0,0,-1,1,0,0,0,1,0,0,0,"['N5', 'N6']",0,0.0
TNL-00253-17,12/24/2020 10:10:55,0,0,0,0,0,0,0,0,0,0,0,[],0,0.0
 TNL-00793-18  TNL-01183-18,12/24/2020 10:14:38,0,0,0,0,0,0,0,0,0,0,0,[],0,0.0
TNL-00821-18,12/24/2020 10:23:11,0,0,1,0,-1,0,1,0,0,0,0,[],0,1.0
 TNL-00822-18,12/24/2020 10:27:46,0,0,0,0,0,0,0,0,0,0,0,"['L1', 'L2']",0,0.0
TNL-00911-18,12/24/2020 11:20:31,0,0,0,0,0,0,0,0,0,0,0,[],0,0.0
TNL-01248-18,12/24/2020 11:31:57,0,1,1,0,-1,1,1,0,0,0,0,[],0,1.0
TEL-89697-18,1/14/2021 15:08:54,0,1,1,0,-1,0,1,1,0,1,0,[],0,0.0
TEL-89698-18,1/14/2021 15:15:38,0,1,-1,1,0,0,0,1,0,1,0,[],0,0.5
CEL-87788-19,12/24/2020 15:30:14,1,1,1,1,-1,1,0,1,1,1,0,"['L2', 'N8']",1,0.0
CEL-79487-18,12/24/2020 15:41:18,0,1,0,0,0,0,0,1,0,1,0,[],0,1.0
EAL-83967-19,12/24/2020 15:45:29,1,0,-1,1,0,1,0,0,0,1,0,['L1'],0,1.0
CET-70370-17,12/24/2020 15:51:37,0,1,0,1,0,0,0,1,0,0,1,[],0,0.5
HOL-06021-19,12/24/2020 15:57:12,0,0,-1,-1,0,1,0,0,0,1,0,['L1'],0,1.0
HOL-06092-19,12/24/2020 16:10:42,0,0,0,0,0,1,0,0,0,1,0,[],0,0.0
TEL-01195-19-RV,12/24/2020 22:20:20,0,0,0,0,0,0,0,0,0,0,0,['L2'],0,0.0
TEL-02564-19-RV,12/24/2020 22:38:41,0,1,-1,1,0,0,1,1,0,1,0,"['L2', 'N8']",0,0.0
TNL-01365-18,12/25/2020 7:12:16,0,0,0,0,0,0,0,0,0,0,0,[],0,0.0
TNL-01527-18,12/25/2020 7:23:09,0,1,1,1,-1,1,0,0,0,0,0,['L1'],0,0.5
 TNL-01582-18-AM,12/25/2020 7:29:39,1,0,0,0,0,0,0,0,0,0,0,[],0,0.5
TNL-01740-18,12/25/2020 7:34:18,0,0,1,0,-1,0,0,1,0,0,0,[],0,0.5
 TNL-01839-18,12/25/2020 7:38:09,0,0,0,0,0,0,0,0,0,0,0,[],0,0.0
 TNL-02075-18,12/25/2020 7:43:55,0,0,0,0,0,0,0,0,0,0,0,['N5'],0,0.0
 TNL-02210-18,12/25/2020 7:47:40,0,0,0,0,0,0,0,0,0,0,0,[],0,0.0
 TNL-02284-18,12/25/2020 7:58:27,0,0,0,0,0,0,0,0,0,0,0,"['L1', 'L9', 'T6']",1,0.0
TNL-02343-18,12/25/2020 8:02:31,0,0,0,0,0,0,0,0,0,0,0,[],0,0.0
TNL-02440-18-RV,12/25/2020 8:09:32,0,0,0,0,0,0,0,0,0,0,0,[],0,0.0
 TNL-02453-18,12/25/2020 8:17:46,0,0,1,0,-1,1,1,0,0,0,0,[],0,0.5
TNL-02875-18,12/25/2020 8:30:46,0,0,0,0,0,0,0,0,0,0,0,['L1'],0,0.0
 TNL-03085-18,12/25/2020 8:34:44,0,0,0,0,0,0,0,0,0,0,0,[],0,0.0
TEL-02811-19-RV,12/25/2020 12:16:43,1,1,0,0,0,1,0,0,0,1,0,['L1'],0,0.0
TEL-03413-19,12/25/2020 12:27:41,0,1,0,0,0,0,0,1,0,1,0,"['L2', 'N5']",0,0.0
CET-74655-18,12/25/2020 12:41:05,0,1,0,0,0,0,0,1,0,1,0,"['L2', 'T2', 'T6', 'N8']",0,0.0
TEL-03502-19,12/25/2020 12:41:29,0,0,0,0,0,0,0,0,0,1,0,['L1'],1,0.0
EAL-71135-18,12/25/2020 12:58:16,0,0,0,0,0,0,0,0,0,0,0,[],0,0.0
TEL-03588-19,12/25/2020 13:02:40,0,1,1,0,0,1,0,0,0,1,1,['L1'],0,0.5
EAL-73036-18,12/25/2020 13:08:30,0,1,0,1,0,0,0,0,0,0,0,"['L1', 'L2']",0,0.0
EAL-73495-18,12/25/2020 14:54:12,0,0,0,0,0,0,0,0,0,0,0,"['L1', 'L2', 'N7']",0,0.0
EAL-76016-18,12/25/2020 15:23:35,0,0,0,0,0,0,0,0,0,0,0,[],0,0.0
HOL-02048-17,12/25/2020 15:37:44,0,0,1,0,-1,1,0,0,0,0,0,[],0,1.0
HOL-02106-17,12/25/2020 15:45:37,0,1,1,0,-1,0,0,1,0,1,0,[],0,0.5
TNL-03242-18,12/25/2020 16:37:55,1,0,1,0,-1,0,0,1,1,0,0,[],0,0.5
TNL-03260-18,12/26/2020 10:50:20,0,0,0,0,0,0,0,0,0,0,0,[],0,0.0
TNL-03299-18  TNT-00589-17      ,12/26/2020 10:58:38,0,0,0,0,0,0,0,1,0,0,0,['T6'],0,0.0
 TNL-03769-18,12/26/2020 11:02:39,0,0,0,0,0,0,0,0,0,0,0,[],0,0.0
 TNL-03797-18,12/26/2020 11:07:37,0,0,0,0,0,0,0,0,0,0,0,[],0,0.0
TNL-03797-18-RV,12/26/2020 11:13:23,0,0,0,0,0,0,0,0,0,0,0,[],1,0.0
TNL-03847-18,12/26/2020 11:18:28,0,0,0,0,0,0,0,0,0,0,0,[],0,0.0
 TNL-03911-18,12/26/2020 11:23:41,0,0,0,0,0,0,0,0,0,0,0,[],0,0.0
 TNL-04214-18,12/26/2020 11:27:48,0,0,0,0,0,0,0,0,0,0,0,[],0,0.0
 TNL-04261-18,12/26/2020 11:34:14,0,0,0,0,0,0,0,0,0,0,0,[],0,0.0
TNL-04296-18,12/26/2020 12:58:58,0,0,0,0,0,0,0,0,0,0,0,"['L1', 'L2']",0,0.0
TNL-04389-18-BIR,12/26/2020 13:05:07,0,0,0,0,0,0,0,0,0,0,0,[],0,1.0
TNL-04435-18  TNL-03907-18,12/26/2020 13:09:47,0,0,1,0,0,0,0,0,0,0,0,"['L1', 'L2', 'L3']",0,0.0
TEL-89823-18,1/14/2021 15:30:19,0,0,0,0,0,0,0,0,0,1,0,[],0,0.0
TEL-89848-18,1/14/2021 15:37:43,1,0,1,0,1,0,0,1,0,1,0,[],0,0.5
TEL-03678-19,12/26/2020 21:47:01,0,1,1,0,-1,1,0,1,0,1,0,['L1'],0,0.0
TEL-03752-19,12/26/2020 21:55:47,0,0,0,0,0,1,0,0,0,1,0,"['L1', 'L2']",0,0.0
TEL-04297-19,12/26/2020 22:05:48,0,1,-1,-1,0,0,1,0,0,1,0,['L1'],0,0.0
TEL-04353-19,12/26/2020 22:16:19,0,1,-1,1,0,1,0,1,0,1,0,['L1'],0,0.5
TEL-04558-19,12/26/2020 22:28:44,0,1,-1,-1,0,0,0,0,1,1,1,[],0,0.0
TEL-04599-19,12/26/2020 22:45:26,0,0,0,0,0,1,0,0,0,1,0,"['L1', 'L2', 'N5', 'N8']",1,0.0
HOL-02119-17,12/27/2020 14:30:06,0,0,0,0,0,1,0,0,0,1,1,[],1,0.0
TEL-04649-19,12/27/2020 16:04:56,0,0,-1,-1,0,1,0,1,0,1,0,[],0,0.0
TSL-89175-17,12/27/2020 16:09:15,0,0,1,0,0,0,0,0,0,0,0,[],1,0.0
TEL-05033-19,12/27/2020 16:11:31,0,0,1,0,0,1,0,1,1,1,0,[],0,0.5
TEL-05071-19,12/27/2020 16:21:43,0,0,1,0,-1,1,0,0,0,1,0,"['L2', 'N8']",0,0.0
TSL-89758-17,12/27/2020 16:23:47,0,0,0,0,0,0,0,0,0,0,0,"['T3', 'T6']",0,0.0
TEL-05202-19,12/27/2020 16:32:06,1,0,-1,1,0,0,0,1,0,1,0,[],0,1.0
TSL-89992-17-RV,12/27/2020 16:32:10,0,1,0,0,0,0,1,1,0,1,0,[],0,0.5
TSL-90310-17,12/27/2020 16:40:53,1,0,-1,0,1,0,1,1,0,0,0,[],0,0.5
TEL-05412-19,12/27/2020 16:41:13,0,0,0,0,0,0,0,0,0,1,0,"['L1', 'L2']",0,0.0
TEL-05656-19,12/27/2020 16:50:04,0,0,0,0,0,0,0,0,0,1,0,"['L1', 'L2', 'N5']",0,1.0
TSL-90379-17,12/27/2020 16:50:43,0,0,0,0,0,0,0,0,0,1,0,"['L1', 'L2']",0,0.0
TSL-90695-17,12/27/2020 16:57:01,0,0,0,0,0,1,0,0,0,0,0,[],0,0.0
TSL-90710-17-RV,12/27/2020 17:04:23,0,0,0,0,0,0,0,0,0,0,0,[],1,0.0
TEL-05698-19,12/27/2020 17:16:08,0,1,1,0,1,1,0,1,0,1,1,[],1,0.5
TSL-90715-17,12/27/2020 17:18:32,0,0,0,0,0,1,0,0,0,0,0,[],1,0.0
TSL-90716-17,12/27/2020 17:29:56,1,0,-1,-1,0,0,1,1,0,0,0,"['T2', 'T6']",0,0.0
TSL-90721-17,12/27/2020 17:49:27,0,0,0,0,0,1,0,0,0,0,0,[],1,0.0
TEL-05728-19,12/27/2020 17:55:37,0,0,0,0,0,0,0,0,0,1,0,[],0,0.0
TSL-90833-17,12/27/2020 18:03:05,0,0,0,0,0,1,0,0,0,0,0,[],1,0.0
CEL-64707-17-RV,1/6/2021 12:25:18,0,0,0,0,0,0,0,0,0,1,0,"['L1', 'T2', 'T6']",0,0.0
CEL-64717-17,12/27/2020 20:13:45,0,0,0,0,0,0,0,0,0,1,1,"['L1', 'L2', 'L9']",0,0.0
CEL-64754-17,12/27/2020 20:28:36,0,0,0,0,0,0,0,0,0,1,1,[],0,0.0
CEL-65374-17,12/27/2020 20:47:21,1,0,-1,1,0,0,0,0,0,1,1,[],0,0.5
CEL-65563-17,12/27/2020 20:56:56,0,0,0,0,0,0,0,0,0,1,1,[],0,0.0
CEL-65659-17-RV,12/27/2020 21:12:15,0,0,0,0,0,0,0,0,1,1,1,"['L1', 'L2']",1,0.0
CEL-65920-17,12/27/2020 21:32:01,0,0,0,0,0,0,0,0,0,1,1,"['L1', 'L2', 'L8']",0,0.0
CEL-65976-17,12/27/2020 22:13:36,0,0,0,0,0,0,0,0,0,1,1,['L1'],0,0.0
HOL-02144-17/HOT-02146-17,12/28/2020 0:45:14,0,0,1,0,-1,1,0,0,0,1,0,[],0,0.0
HOL-02330-18,12/28/2020 1:00:10,0,0,0,0,0,0,0,0,0,1,1,['N8'],0,0.0
HOL-02330-18,12/28/2020 1:00:28,0,0,0,0,0,0,0,0,0,1,1,['N8'],0,0.0
TSL-91302-17,12/28/2020 10:42:45,0,1,1,1,-1,1,1,0,1,1,0,[],0,1.0
TSL-91339-17,12/28/2020 10:49:48,0,0,0,0,0,0,0,0,0,1,0,"['L2', 'N5']",0,0.0
TSL-91342-17,12/28/2020 10:57:47,1,0,0,0,0,0,0,0,0,1,0,[],1,0.0
TSL-91499-17,12/28/2020 11:04:27,0,0,1,0,0,0,1,0,0,1,0,"['L1', 'L2']",0,0.0
TSL-91513-17,12/28/2020 11:16:56,0,0,0,0,0,0,0,0,0,1,0,"['L1', 'T2', 'T6']",0,0.0
TSL-91920-18,12/28/2020 11:27:20,0,0,1,0,-1,0,0,0,0,1,0,"['L1', 'L2']",0,0.0
TSL-92180-18,12/28/2020 11:36:02,1,1,0,0,-1,0,0,1,1,1,0,"['L1', 'L2']",0,0.0
TSL-92565-18,12/28/2020 11:46:22,0,0,0,0,0,0,0,0,0,1,0,"['L1', 'L2']",0,0.0
TSL-92649-18,12/28/2020 11:55:17,1,0,1,0,1,0,0,1,0,1,0,"['L1', 'L2']",0,0.0
TSL-92675-18-RV,12/28/2020 12:01:31,0,1,0,1,0,0,0,0,0,1,0,[],0,0.5
TSL-93152-18,12/28/2020 12:09:02,0,0,0,0,0,0,0,1,0,1,0,[],0,0.0
TSL-93197-18,12/28/2020 12:15:45,0,1,0,0,0,0,0,0,1,1,0,"['L1', 'L2']",0,0.5
TSL-93410-18,12/28/2020 12:21:45,0,0,0,0,0,0,0,0,0,1,0,"['L1', 'L2', 'N5']",0,0.0
CEL-66033-17,1/6/2021 12:27:22,0,1,0,0,0,0,0,0,1,1,1,['L2'],0,0.5
TSL-93456-18-SA,12/28/2020 17:14:51,0,1,-1,1,0,1,0,0,1,1,0,[],0,0.0
CEL-66306-17,1/6/2021 12:28:16,0,0,0,0,0,0,0,1,0,1,1,"['L1', 'L2', 'N8']",0,0.0
CEL-66488-17,12/28/2020 13:46:44,0,0,0,0,0,0,0,0,0,1,1,"['L1', 'L2', 'N8']",0,0.0
CEL-66822-17,12/28/2020 13:54:30,0,0,0,0,0,0,0,0,0,1,1,['N8'],1,0.0
CEL-66886-17,12/28/2020 14:00:52,0,0,0,0,0,0,0,0,0,1,1,['N8'],0,0.0
CEL-67101-17,12/28/2020 14:09:39,0,0,0,0,0,0,0,0,0,1,1,[],0,0.0
CEL-67109-17,1/6/2021 12:32:26,0,0,0,0,0,0,0,0,0,1,1,['L1'],0,0.0
CEL-67620-17,12/28/2020 14:44:06,0,0,0,0,0,0,0,0,0,1,1,"['L1', 'L2', 'N5', 'N8']",0,0.0
CEL-68020-17,12/28/2020 14:52:30,0,0,0,0,0,0,0,0,0,1,1,"['L1', 'L2', 'L3']",0,0.0
TEL-89910-18,1/14/2021 15:40:34,0,0,0,0,0,0,0,0,0,1,0,"['L1', 'L2']",0,0.0
CEL-68634-17,1/6/2021 12:33:47,0,1,0,0,0,0,0,1,0,1,1,"['L1', 'L2', 'N8']",0,0.0
TEL-89912-18,1/14/2021 15:45:35,0,0,0,0,0,0,0,0,0,1,0,"['L1', 'L2', 'N5']",0,0.0
TEL-89993-18,1/14/2021 15:48:19,0,0,0,0,0,0,0,0,0,1,0,"['L1', 'L2']",0,0.0
CEL-68793-17-RV,12/28/2020 15:22:38,1,0,0,0,0,0,0,1,0,1,1,[],0,0.0
TEL-90055-18,1/14/2021 15:54:30,0,0,1,0,1,0,0,0,0,1,0,"['L1', 'L2', 'N5']",0,0.5
CEL-69024-17,1/6/2021 12:34:52,0,1,0,0,0,1,0,0,0,1,1,[],0,0.5
TEL-90112-18,1/14/2021 15:57:09,0,0,0,0,0,0,0,0,0,1,0,"['L1', 'L2']",0,0.0
CEL-69750-17,12/28/2020 15:39:43,0,1,0,0,0,0,0,0,0,1,1,"['L1', 'L2', 'N5']",0,0.0
TEL-90120-18,1/14/2021 15:59:33,0,1,1,0,-1,0,0,1,0,1,0,[],0,1.0
CEL-69848-17,1/6/2021 12:36:15,0,0,0,0,0,0,0,0,0,1,1,"['L1', 'L2', 'N8']",0,0.0
TEL-90179-18,1/14/2021 16:07:59,0,0,1,0,-1,0,1,0,0,1,0,[],0,0.5
TEL-90188-18,1/14/2021 16:16:55,0,1,0,0,0,0,0,0,0,1,0,[],0,0.0
TEL-75185-16,1/31/2021 21:33:18,1,0,1,0,-1,1,0,1,0,1,1,[],0,0.5
TEL-90294-18,1/14/2021 16:25:40,1,0,1,0,0,0,0,0,1,1,0,[],0,0.0
TEL-90345-18,1/14/2021 17:18:41,0,1,1,0,1,0,0,0,0,1,0,[],0,0.0
TEL-75630-16,1/31/2021 21:33:44,0,1,-1,1,0,0,1,0,0,1,1,[],0,0.5
TEL-75637-16,12/28/2020 17:14:10,0,0,1,0,-1,0,0,0,0,1,0,[],0,0.0
TSL-93802-18,12/28/2020 17:14:38,0,1,0,0,-1,0,0,0,0,1,0,[],0,0.0
TSL-93873-18,12/28/2020 17:25:45,0,1,1,0,1,1,0,1,1,1,0,"['L1', 'L2']",0,1.0
TSL-93963-18,12/28/2020 17:37:56,0,1,1,0,-1,1,0,0,1,1,0,"['L2', 'L9']",1,0.0
TSL-94018-18,12/28/2020 17:47:59,0,0,1,0,-1,0,0,0,0,1,0,['L1'],1,0.0
TSL-94190-18,12/28/2020 17:57:32,0,0,1,0,1,0,0,0,0,0,0,"['L1', 'L2']",0,0.0
TEL-90354-18,1/14/2021 17:24:59,1,1,1,0,1,0,0,1,0,1,0,[],0,0.0
TSL-94248-18-RV,12/28/2020 18:08:53,0,0,0,0,0,0,0,0,0,0,0,[],0,0.0
TEL-90371-18   ,1/14/2021 17:28:09,0,0,-1,1,0,0,1,1,0,1,0,[],0,0.0
TEL-90395-18,1/14/2021 17:31:26,0,0,0,0,0,0,0,0,0,1,0,[],0,0.0
CET-65284-17,12/29/2020 13:18:04,0,0,0,0,0,0,0,0,0,1,0,"['L1', 'L2', 'L3', 'T2', 'T6', 'N5', 'N7']",0,0.0
TEL-90399-18,1/14/2021 17:43:33,0,0,0,0,0,0,0,0,0,1,0,"['L1', 'L2', 'N5']",0,0.0
TEL-90414-18,1/14/2021 17:46:18,0,0,1,0,1,0,1,0,0,1,0,[],0,0.5
TEL-90458-18,1/14/2021 17:49:37,0,0,0,0,0,0,0,0,0,1,0,[],0,0.5
TEL-90508-18,1/14/2021 17:52:20,0,0,0,0,0,0,0,0,0,1,0,[],0,0.0
TEL-90634-18   ,1/14/2021 18:01:25,0,0,0,0,0,0,0,0,0,1,0,"['L1', 'L2']",0,1.0
HOL-02425-18-RV,12/29/2020 12:04:09,0,1,1,0,0,0,0,0,0,0,1,[],1,0.0
HOL-02425-18-RV,12/29/2020 12:04:31,0,1,1,0,0,0,0,0,0,0,1,[],1,0.0
HOL-02487-18,12/29/2020 12:31:14,0,0,0,0,0,1,0,0,0,1,1,[],1,0.0
EAL-60748-16,1/6/2021 12:39:28,0,0,0,0,0,0,0,0,0,1,1,[],0,0.0
HOL-02522-18,12/29/2020 12:46:19,0,0,0,0,0,1,0,0,0,0,1,[],0,0.0
EAL-61057-16,12/29/2020 12:46:57,0,0,0,0,0,0,0,0,0,1,1,[],0,0.0
EAL-61782-16,12/29/2020 13:27:44,0,0,0,0,0,0,0,0,0,1,1,[],0,0.0
EAL-62115-16,1/11/2021 12:31:18,0,0,0,0,0,0,0,0,0,1,1,"['L1', 'L2', 'N8']",0,0.0
HOL-02639-18-RV,12/29/2020 13:14:07,0,0,0,0,0,0,0,0,0,1,1,[],0,0.0
EAL-62437-17,12/29/2020 13:38:52,0,0,0,0,0,0,0,0,0,1,1,"['L1', 'L2']",0,0.0
HOL-02707-18,12/29/2020 13:39:10,0,0,0,0,0,0,0,0,0,1,1,[],0,0.0
HOL-02707-18,12/29/2020 13:39:23,0,0,0,0,0,0,0,0,0,1,1,[],0,0.0
TEL-06652-19,12/29/2020 13:40:53,1,0,0,1,0,1,0,1,1,1,0,[],0,1.0
EAL-65781-17,1/6/2021 12:42:31,1,0,0,0,0,0,0,1,1,1,1,[],0,0.5
EAL-65864-17,1/6/2021 12:43:58,0,0,0,0,0,0,0,0,0,1,1,['L1'],1,0.0
TEL-06535-19,12/29/2020 14:08:06,0,0,1,0,-1,1,0,1,0,1,1,[],0,0.0
EAL-68762-17,12/29/2020 14:11:52,0,0,0,0,0,0,0,0,0,1,1,[],0,0.0
EAL-68763-17,12/29/2020 14:18:11,0,0,0,0,0,0,0,0,0,1,1,[],0,0.0
EAL-68765-17,12/29/2020 14:25:17,0,0,0,0,0,0,0,0,0,1,1,[],0,0.0
TEL-06544-19,12/29/2020 14:29:51,0,0,1,-1,0,0,1,0,0,1,1,[],1,0.5
EAL-68814-17,12/29/2020 14:31:32,0,0,0,0,0,0,0,0,0,1,1,[],0,0.0
HOL-01143-17,12/29/2020 14:41:04,0,0,0,0,0,0,0,0,0,1,1,[],0,0.0
TEL-06648-19,12/29/2020 14:42:22,0,1,1,0,0,1,1,0,0,1,0,['N8'],0,1.0
HOL-01185-17-RV,12/29/2020 14:57:59,0,0,0,0,0,0,0,0,0,1,1,"['L1', 'L9']",1,0.0
TEL-05886-19,12/29/2020 14:58:06,0,1,0,0,0,1,0,0,0,1,0,['N5'],0,0.0
HOL-01336-17-RV,12/29/2020 15:08:52,0,0,0,0,0,0,0,0,0,1,1,"['L1', 'L9']",0,0.0
HOL-01347-17,12/29/2020 15:37:35,0,1,1,-1,1,0,0,1,1,1,1,[],0,0.0
HOL-01476-17,12/29/2020 15:31:06,0,0,0,0,0,0,0,0,0,1,1,[],0,0.0
HOL-01514-17,12/29/2020 15:40:08,0,0,0,0,0,0,0,0,0,1,1,[],0,1.0
HOL-01517-17,12/29/2020 15:44:27,0,0,0,0,0,0,0,0,0,1,1,[],0,0.0
HOL-01611-17,12/29/2020 15:49:10,0,0,0,0,0,0,0,0,0,1,1,[],0,0.0
NOL-26612-17,1/6/2021 12:51:28,0,0,0,0,0,0,0,1,0,1,1,"['L2', 'N5']",0,0.5
NOL-29035-17,12/29/2020 16:05:52,0,0,0,0,0,0,0,1,0,1,1,"['L1', 'L2']",0,0.0
NOL-29541-17,12/29/2020 16:11:14,0,0,0,0,0,0,0,0,0,1,1,[],0,0.0
SOL-76001-16,12/29/2020 16:18:21,0,0,0,0,0,0,0,0,0,1,1,[],0,0.0
SOL-76563-16-RV,1/6/2021 12:53:22,1,0,0,1,0,0,0,1,1,1,0,[],0,1.0
SOL-77369-16,12/29/2020 16:33:47,0,0,0,0,0,0,0,0,0,1,1,['L1'],1,0.0
HOL-02735-18,12/29/2020 23:01:00,1,0,-1,1,0,0,0,0,0,1,1,['L1'],1,0.5
HOL-02995-18-RV,12/29/2020 23:09:03,0,0,0,0,0,1,0,0,0,1,1,[],0,0.0
HOL-03023-18-RV,12/29/2020 23:21:34,0,0,0,0,0,1,0,0,0,1,1,[],0,0.0
HOL-03157-18,12/29/2020 23:27:53,0,0,0,0,0,1,0,0,0,1,1,[],0,0.0
HOL-03461-18,12/29/2020 23:34:11,0,0,0,0,0,1,0,0,0,1,1,[],0,0.0
HOL-03461-18-RV  ,12/29/2020 23:42:34,1,0,0,0,0,1,0,0,0,0,0,[],0,0.0
HOL-03632-18,12/29/2020 23:56:30,0,0,1,0,-1,0,0,0,0,1,1,[],0,0.5
HOL-03632-18-RV,12/30/2020 0:06:34,1,0,0,0,0,0,0,0,0,0,0,[],0,0.0
HOL-03639-18,12/30/2020 0:47:37,0,0,0,0,0,0,0,0,0,1,1,[],0,0.0
SOL-88977-17,12/30/2020 0:55:07,0,0,0,0,0,1,0,0,0,1,1,[],0,0.0
SOL-91391-18,12/30/2020 1:01:22,0,0,0,0,0,0,0,0,0,1,1,[],0,0.0
SOL-94063-18,12/30/2020 1:09:55,1,0,1,0,-1,1,0,1,0,1,1,[],0,0.0
SWL-00849-17,12/30/2020 1:19:04,0,0,0,0,0,0,0,0,0,1,1,"['L1', 'L2', 'L8']",0,0.0
TEL-87341-18,1/28/2021 20:22:45,0,0,0,0,0,0,0,0,0,1,0,[],0,0.0
TEL-87379-18,1/28/2021 20:24:14,0,0,0,0,0,0,0,0,0,1,0,"['L1', 'L2', 'L8']",0,1.0
TEL-87475-18; TET-86819-17; TET-88355-18,1/28/2021 20:25:28,0,0,0,0,0,0,0,0,0,1,0,"['L1', 'L2', 'T2', 'T6']",0,0.0
TEL-87479-18,1/28/2021 20:27:20,0,0,0,0,0,0,0,0,0,0,1,['N7'],0,0.0
TEL-87533-18,12/31/2020 22:19:20,0,0,0,0,0,0,0,0,0,0,1,"['L2', 'L3', 'L9']",0,0.0
TEL-87594-18,1/28/2021 20:29:47,0,0,0,0,0,0,0,0,0,1,1,[],0,0.0
SWL-08112-17/SWL-08113-17,12/30/2020 14:03:44,0,0,0,0,0,1,0,0,0,1,1,"['L1', 'L2', 'N5']",0,0.0
SWL-09935-17,12/30/2020 14:56:40,0,0,0,0,0,1,0,0,0,1,1,"['L1', 'L2', 'N5']",0,0.0
SWL-10701-17,12/30/2020 15:05:35,0,1,0,0,0,1,0,0,0,1,1,['N5'],0,0.0
SWL-11020-17,12/30/2020 15:18:39,0,0,0,0,0,0,0,1,0,1,0,"['L1', 'L2']",0,0.0
SWL-11574-17,12/30/2020 15:27:06,0,0,0,0,0,0,0,0,0,1,0,"['L1', 'L2', 'N5', 'N8']",0,0.0
TEL-87731-18,1/28/2021 20:30:51,0,0,0,0,0,0,0,0,0,1,0,[],0,0.0
SWL-11631-17,12/30/2020 15:44:02,1,1,1,0,-1,1,1,1,0,1,1,"['L1', 'L2']",0,0.0
TEL-87732-18,1/28/2021 20:33:11,0,0,0,0,0,0,0,0,0,1,1,"['L1', 'L2', 'N6']",0,0.0
SWL-11849-17,12/30/2020 15:54:54,1,0,0,0,0,1,0,0,1,1,0,[],0,0.0
TEL-07076-19,12/30/2020 15:55:30,0,0,0,1,0,1,0,1,0,1,0,[],0,1.0
TEL-87815-18,1/28/2021 20:34:02,0,0,0,0,0,0,0,0,0,1,1,[],0,0.0
TEL-87952-18,1/28/2021 20:35:35,0,1,1,0,-1,1,0,0,0,1,1,[],0,0.0
TEL-87995-18,1/28/2021 20:38:17,0,0,0,1,0,0,0,0,0,1,1,"['L1', 'L2']",0,0.0
TEL-88012-18,1/28/2021 20:39:06,0,0,0,0,0,0,0,0,0,1,1,"['L1', 'L2', 'L3', 'N5']",0,0.0
TEL-88019-18,1/28/2021 20:44:27,0,0,0,0,0,0,0,0,0,1,1,"['L1', 'L2']",0,0.0
SWL-12164-18,12/30/2020 16:38:54,0,0,0,0,0,1,0,1,0,0,0,"['L1', 'L2', 'L9']",1,0.0
SWL-12239-18,12/30/2020 16:52:43,0,0,0,0,0,0,0,0,0,1,1,"['L1', 'L2']",1,0.0
SWL-12285-18,12/30/2020 17:02:36,1,0,0,0,0,0,0,1,0,1,0,[],0,0.0
SWL-12415-18,12/30/2020 17:16:05,0,0,0,0,0,0,0,0,0,1,0,"['L2', 'N5']",0,0.0
SWL-12547-18 and SWL-12548-18,12/30/2020 17:39:53,0,0,0,0,0,1,0,0,0,1,1,"['L1', 'L2']",0,0.0
TEL-88259-18,1/28/2021 20:45:29,0,1,0,0,0,0,0,0,0,1,1,[],0,0.0
TEL-07267-19-IN,12/30/2020 19:55:05,0,0,0,0,0,0,0,0,0,1,0,['N5'],0,0.0
TEL-88325-18,1/28/2021 20:46:28,0,1,0,0,0,0,0,0,0,1,1,[],0,0.0
TEL-07341-19,12/30/2020 20:08:00,1,1,1,1,1,0,0,1,0,1,1,[],0,0.5
TEL-88344-18-RV,1/28/2021 20:47:32,1,0,0,1,0,0,0,0,0,1,0,[],0,0.0
TEL-88409-18,1/28/2021 20:48:26,0,0,0,0,0,0,0,0,0,1,1,[],0,0.0
TEL-07365-19,12/30/2020 20:21:28,0,0,-1,-1,0,0,0,0,0,1,1,[],0,0.5
TEL-88409-18-RV,12/31/2020 22:50:42,0,0,0,1,0,0,0,0,0,1,0,[],0,1.0
TEL-88447-18,1/28/2021 20:49:24,0,0,1,0,1,1,0,0,0,1,1,[],0,0.5
TEL-88465-18-RV,12/30/2020 20:38:27,0,1,1,0,-1,0,0,0,0,1,0,[],0,0.0
TEL-88511-18,1/28/2021 20:50:45,0,0,0,0,0,0,0,0,0,1,1,[],0,0.0
TEL-88533-18,12/30/2020 20:56:24,1,0,1,1,-1,1,0,0,0,1,1,[],0,0.5
SWL-12693-18,12/30/2020 21:12:07,0,0,0,0,0,0,0,0,0,1,1,"['L1', 'L2', 'L9']",1,0.0
SWL-12927-18,12/30/2020 21:27:20,1,1,0,0,0,0,0,1,0,1,1,"['L1', 'L2']",0,0.0
SWL-13125-18  ,12/30/2020 21:43:15,1,0,1,0,-1,1,0,1,1,1,1,"['L1', 'L2', 'N5']",0,0.0
SWL-13553-18,12/30/2020 21:54:37,0,0,0,0,0,0,0,0,0,1,1,"['L1', 'L2']",0,0.0
TEL-90711-18,1/14/2021 18:05:47,0,1,0,0,0,1,0,1,0,1,1,[],0,0.0
TEL-90753-18   ,1/14/2021 18:09:28,0,0,0,0,0,0,0,1,0,1,0,[],0,0.0
TEL-90826-18,1/14/2021 18:15:55,0,0,0,0,0,0,0,0,0,1,0,"['L1', 'L2', 'N5']",0,0.0
TEL-90922-18,1/14/2021 18:21:50,0,0,0,0,0,0,0,0,0,1,0,"['L1', 'L2']",0,0.0
SWL-13848-18,12/30/2020 22:45:05,0,0,0,0,0,0,0,0,0,1,1,"['L1', 'T2', 'T6']",0,0.0
TEL-90971-18,1/14/2021 18:24:56,0,0,0,0,0,0,0,0,0,1,0,[],0,0.0
SWL-13901-18/SWT-14627-18,12/30/2020 23:52:56,0,1,0,0,0,1,0,0,1,1,1,"['L1', 'T2', 'T6']",0,0.0
SWL-14299-18,12/31/2020 0:17:41,0,0,0,0,0,1,0,0,0,1,1,['T6'],0,0.0
SWL-14340-18,12/31/2020 0:33:55,0,1,0,1,0,1,0,1,0,1,0,[],0,1.0
SWL-14374-18,12/31/2020 0:48:34,0,0,0,0,0,0,0,0,0,1,1,"['L1', 'L2', 'N5', 'N6']",0,0.0
SWL-14642-18,12/31/2020 1:04:07,0,0,1,0,-1,1,0,0,0,1,0,"['L1', 'L2', 'N5', 'N8']",1,0.0
SWL-15637-18,12/31/2020 1:13:10,0,0,0,0,0,0,0,0,0,1,1,"['L1', 'L2', 'N5']",0,0.0
TEL-88672-18,1/28/2021 20:51:49,0,1,1,0,1,1,1,0,0,1,1,[],0,0.5
TEL-88743-18,12/31/2020 23:03:25,1,1,0,0,0,1,0,0,0,1,1,[],0,0.0
TEL-88767-18,12/31/2020 11:39:20,0,1,0,0,0,0,0,0,0,1,1,[],0,0.0
TEL-88781-18,1/28/2021 20:52:49,0,0,0,0,0,0,0,0,0,1,1,[],0,0.0
TEL-88799-18,12/31/2020 11:50:30,0,0,0,0,0,0,0,0,0,1,1,[],0,0.0
TEL-88801-18,12/31/2020 12:24:15,0,0,-1,-1,0,0,1,0,0,1,1,[],1,0.5
TEL-88820-18,12/31/2020 12:28:53,0,0,1,0,-1,0,0,0,0,0,0,[],0,1.0
TEL-88845-18,12/31/2020 12:39:13,0,0,1,0,-1,1,0,1,0,1,0,[],0,1.0
TEL-88860-18,1/28/2021 20:54:03,0,0,1,0,1,0,0,0,0,1,1,[],0,0.5
SWL-15775-18,12/31/2020 13:55:52,1,0,0,0,0,0,0,1,0,1,1,"['L1', 'L2']",0,0.0
SWL-16096-18,12/31/2020 14:07:46,0,0,0,0,0,1,0,0,0,1,0,"['L1', 'L2']",0,0.0
SWL-16394-18,12/31/2020 14:15:36,0,0,0,0,0,1,0,0,0,1,0,[],0,0.0
SWL-16478-18,12/31/2020 14:32:38,0,0,0,0,0,0,0,0,0,1,1,[],0,0.0
SWL-16624-18,12/31/2020 14:40:14,0,0,0,0,0,1,0,0,0,1,1,"['L1', 'L2', 'L3']",0,0.0
SWL-16668-18,12/31/2020 14:49:55,0,0,0,0,0,0,0,0,0,1,1,"['L1', 'L2', 'N5']",1,0.0
TEL-89083-18,1/28/2021 20:54:45,0,0,0,0,0,0,0,0,0,1,1,[],0,0.0
TEL-89124-18,12/31/2020 15:01:39,0,1,-1,1,0,0,0,0,0,1,1,"['L1', 'L2']",0,0.0
TEL-89126-18,1/28/2021 20:57:28,0,1,-1,-1,0,0,1,0,0,1,1,[],0,0.0
TEL-89165-18,12/31/2020 15:17:03,0,0,0,0,0,0,0,0,0,1,1,"['L1', 'L2']",0,0.0
TEL-89165-18,12/31/2020 15:17:09,0,0,0,0,0,0,0,0,0,1,1,"['L1', 'L2']",0,0.0
TEL-86029-17,12/31/2020 15:23:01,1,0,-1,1,0,0,1,0,0,1,0,[],0,0.0
TEL-89192-18-RV,12/31/2020 15:28:25,0,0,-1,0,0,0,0,0,0,1,1,[],0,0.0
TEL-86069-17,12/31/2020 15:44:19,0,1,-1,1,0,0,0,0,0,1,0,[],0,0.0
TEL-86130-17,12/31/2020 15:50:14,0,0,0,0,0,0,0,0,0,1,0,[],0,0.0
TEL-86133-17,12/31/2020 15:57:25,1,0,-1,-1,0,0,0,0,0,1,0,"['L1', 'L2']",0,0.0
TEL-86219-17,12/31/2020 16:41:11,0,0,0,0,0,0,0,0,0,1,0,"['L1', 'L2']",0,0.0
TEL-86233-17,12/31/2020 17:23:38,0,0,0,0,0,0,0,0,0,1,0,"['L1', 'L2']",0,0.0
TEL-86494-17,12/31/2020 17:27:45,0,0,0,0,0,0,0,0,0,1,0,"['L1', 'L2']",0,0.0
TEL-86607-17,12/31/2020 17:34:53,0,0,0,0,0,0,0,0,0,1,0,"['L1', 'L2']",0,0.0
TEL-89226-18,1/28/2021 20:59:06,0,1,1,0,1,0,1,0,0,1,1,['L1'],0,0.5
TEL-89232-18-RV,12/31/2020 18:25:29,0,0,0,0,0,0,0,1,0,1,0,[],0,1.0
TEL-89270-18,1/28/2021 21:01:56,0,1,0,1,0,0,0,0,0,1,1,[],0,0.5
TEL-89315-18,1/28/2021 21:03:05,0,1,1,0,1,0,1,0,0,1,1,[],0,0.5
TEL-89342-18-RV,1/28/2021 21:05:00,1,0,0,1,0,0,0,1,0,1,1,[],0,0.0
TEL-89372-18,12/31/2020 19:07:30,0,0,0,0,0,0,0,0,0,1,0,[],0,0.0
TEL-89392-18-AM,1/28/2021 21:06:12,0,0,0,0,0,0,0,0,0,1,1,[],0,0.0
TEL-89392-18-RV  ,12/31/2020 19:23:15,0,0,1,0,1,0,0,0,0,1,1,[],0,0.5
TEL-89446-18,12/31/2020 19:31:46,0,0,0,0,0,0,0,0,0,1,1,"['L1', 'L2']",0,0.0
TEL-89446-18,1/28/2021 21:08:42,0,0,0,0,0,0,0,0,0,1,1,"['L1', 'L2']",0,0.0
TEL-89449-18,1/28/2021 21:09:27,0,1,0,0,0,0,0,0,0,1,1,"['L1', 'N5']",0,0.0
TEL-86690-17,1/1/2021 13:12:27,0,1,-1,1,0,0,0,0,0,1,0,[],0,0.5
TEL-86783-17,1/1/2021 13:31:55,0,0,0,0,0,0,0,0,0,1,0,[],0,0.0
TEL-86823-17,1/1/2021 13:49:46,0,1,0,0,0,1,0,1,0,1,0,[],0,0.5
TEL-86908-17,1/1/2021 13:55:42,0,0,0,0,0,0,0,0,0,1,0,"['L1', 'L2']",0,0.0
TEL-86991-17,1/1/2021 14:24:17,0,1,0,0,0,0,0,0,0,1,0,"['L1', 'L2', 'T2', 'T6']",0,0.0
TEL-87077-17,1/1/2021 14:43:30,0,0,0,0,0,0,0,0,0,1,0,[],0,0.0
TEL-87094-17,1/1/2021 14:55:02,0,0,0,0,0,0,0,0,0,1,0,[],0,0.0
TEL-87107-17,1/1/2021 15:03:25,0,0,0,0,0,0,0,0,0,1,0,[],1,0.0
TEL-87140-17,1/1/2021 15:13:34,0,0,0,0,0,0,0,0,0,1,0,[],0,0.0
TEL-07737-19,1/1/2021 16:42:38,0,0,0,0,0,0,0,0,0,1,0,[],0,0.0
TEL-07999-20,1/1/2021 16:52:29,0,0,1,0,1,0,0,1,0,1,0,[],0,1.0
TEL-11185-20-IN-AM,1/1/2021 17:01:44,0,0,0,0,0,1,0,0,0,1,0,"['L2', 'N5', 'N7']",0,0.0
TEL-61064-15-RV,1/1/2021 17:11:51,0,0,0,0,0,1,0,0,0,1,0,"['L2', 'N5']",0,0.0
TET-99341-19,1/1/2021 17:26:33,0,0,1,0,-1,1,0,0,0,0,0,['L2'],0,0.0
TSL-94351-18,1/1/2021 17:44:02,0,1,-1,1,-1,0,0,0,0,0,0,['L2'],0,0.0
TSL-94482-18,1/1/2021 18:19:11,0,0,0,0,-1,0,0,0,0,0,0,"['L2', 'N5']",0,0.0
TNL-08103-18,1/1/2021 22:03:29,0,0,0,0,0,0,0,0,0,0,0,['L2'],0,0.0
TNL-15147-19,1/1/2021 22:13:03,0,0,0,0,0,1,0,0,0,1,0,[],0,0.0
TEL-91060-18,1/14/2021 18:27:48,0,1,1,1,-1,0,0,0,0,1,0,[],0,0.5
TNL-17478-19,1/1/2021 22:22:46,0,1,-1,-1,0,1,1,1,1,1,1,[],0,0.5
TNL-19088-19,1/1/2021 22:27:28,0,0,0,0,0,0,0,0,0,1,0,['L2'],0,0.0
TEL-91060-18-RV,1/14/2021 18:29:39,0,1,1,1,-1,0,0,0,0,1,0,[],0,0.5
TEL-91077-18   ,1/14/2021 18:32:32,0,1,1,1,1,0,0,1,0,1,0,[],0,1.0
TEL-91104-18,1/14/2021 18:42:06,1,0,1,0,-1,0,0,0,1,1,1,[],0,0.0
TEL-91121-18,1/14/2021 18:47:18,0,1,0,1,0,0,0,0,0,1,0,[],0,0.0
TEL-91207-18,1/14/2021 18:53:17,0,0,0,0,0,0,0,0,0,1,0,[],0,0.0
TEL-91208-18,1/14/2021 18:55:35,0,0,0,0,0,0,0,0,0,1,0,"['L1', 'L2']",0,0.0
TEL-91380-18,1/14/2021 19:01:13,0,0,0,0,0,0,0,0,0,1,0,"['L1', 'L2']",0,0.0
TEL-91480-18   ,1/14/2021 19:05:47,0,0,0,0,0,0,0,0,0,1,0,[],0,0.0
TEL-91570-18,1/14/2021 19:07:50,0,0,1,0,1,0,1,1,0,1,0,[],0,0.0
TNL-20505-19,1/2/2021 2:45:49,1,1,1,0,1,0,0,0,0,0,0,[],0,0.5
TEL-91584-18,1/14/2021 19:10:42,0,0,0,0,0,0,0,0,0,1,0,"['L1', 'L2', 'L8', 'N5', 'N7']",0,0.0
TEL-91615-18,1/14/2021 19:12:57,0,0,0,0,0,0,0,0,0,1,0,"['L1', 'L2', 'N7']",0,0.0
TEL-91770-18   ,1/14/2021 19:25:19,1,1,1,1,-1,1,0,1,0,1,0,[],0,1.0
TSL-03289-19,1/2/2021 11:42:21,0,1,1,0,0,0,1,1,0,1,0,"['L1', 'L2']",0,0.0
TSL-03592-19,1/2/2021 12:18:50,0,0,0,0,0,0,0,0,0,1,0,"['L1', 'L2']",0,0.0
TSL-03604-19,1/2/2021 12:33:59,0,0,0,0,0,0,0,0,0,1,0,"['L1', 'L2', 'N5']",0,0.0
TSL-03695-19,1/2/2021 13:06:29,1,0,-1,1,0,0,1,1,1,1,0,['L1'],0,0.0
TNL-19132-19,1/2/2021 13:20:28,0,0,0,0,0,0,0,1,0,1,0,['N8'],0,0.0
TNL-19458-19,1/2/2021 13:26:54,0,0,0,0,0,1,0,0,0,1,1,[],0,0.5
TNL-19609-19,1/2/2021 13:34:03,0,1,1,0,1,0,0,0,1,0,1,[],0,0.5
TNL-19746-19,1/2/2021 13:52:57,0,0,-1,1,0,0,1,1,0,1,0,[],0,1.0
TNL-19786-19,1/2/2021 14:00:48,0,0,1,1,-1,1,1,1,0,1,0,[],0,0.5
TSL-94607-18-AM,1/3/2021 9:35:30,0,0,1,0,-1,0,0,0,0,0,0,"['L2', 'N8']",0,0.0
TSL-94693-18,1/3/2021 11:57:20,1,1,1,1,1,1,0,0,1,0,0,[],0,0.0
TSL-94823-18,1/3/2021 12:20:41,0,0,0,0,0,0,0,0,0,0,0,['L2'],0,0.0
TSL-94942-18,1/3/2021 12:40:40,0,0,0,0,-1,0,0,0,0,0,0,"['L2', 'N5']",0,0.0
EAL-76016-18-RV,1/4/2021 11:08:20,1,0,0,1,0,0,0,1,0,1,0,[],0,0.0
TNL-20320-19,1/4/2021 11:48:34,0,0,0,0,0,0,0,0,0,1,0,"['L1', 'L2', 'N8']",0,0.0
TNL-20434-19,1/4/2021 11:53:30,0,0,-1,-1,0,0,0,0,0,1,0,"['L2', 'N8']",0,0.0
CEL-90549-19,1/4/2021 11:59:57,1,1,-1,1,0,1,0,1,0,1,0,[],0,0.5
TEL-75638-16,1/4/2021 17:23:59,1,1,1,0,-1,1,0,1,0,0,1,[],0,0.5
TEL-75638-16,1/31/2021 21:34:22,1,1,1,0,-1,1,0,1,0,1,1,[],0,0.5
TEL-75747-16,1/31/2021 21:36:05,0,0,0,0,0,0,0,0,0,1,1,[],0,0.0
TEL-75909-16,1/31/2021 21:41:15,1,0,-1,-1,1,0,1,1,1,1,1,[],0,0.5
TEL-76023-16-IN,1/31/2021 21:41:36,0,0,0,0,0,0,0,0,0,1,0,[],0,0.0
TEL-76039-16,1/31/2021 21:41:59,0,0,0,0,0,0,0,0,0,1,1,[],0,0.0
TEL-76077-16,1/31/2021 21:42:21,1,1,1,-1,-1,1,1,1,0,1,1,[],0,0.5
TEL-76211-16,1/31/2021 21:42:42,0,0,0,0,0,0,0,0,0,1,1,"['L1', 'L2']",0,0.0
TEL-76211-16-RV,1/31/2021 21:43:00,0,0,0,0,0,0,0,1,0,1,1,"['L1', 'L2']",0,0.0
TNL-20646-19,1/4/2021 23:52:56,1,1,1,0,-1,1,0,1,0,1,0,[],0,0.0
TNL-20654-19,1/5/2021 0:11:08,0,0,0,0,0,0,0,0,0,1,0,"['L1', 'L2']",0,0.0
TNL-21134-19,1/5/2021 0:29:37,0,0,0,0,0,0,0,0,0,1,0,['N8'],0,0.0
TNL-21151-19,1/5/2021 0:55:59,0,0,0,0,0,0,0,0,0,1,0,[],0,0.0
TNL-21271-19,1/5/2021 1:12:40,0,0,0,0,0,0,0,0,0,1,0,"['L1', 'L2']",0,0.0
TEL-76413-17,1/31/2021 21:43:24,1,1,1,0,-1,0,0,1,0,1,1,[],0,0.0
TEL-76447-17-RV,1/31/2021 21:43:46,0,0,0,0,0,0,0,0,0,1,0,[],0,0.0
TEL-76492-17,1/31/2021 21:44:06,0,0,1,0,-1,0,0,1,0,1,0,[],0,0.0
TEL-76716-17,1/31/2021 21:44:30,0,0,-1,1,0,0,1,0,0,1,1,"['L1', 'L2']",0,0.0
TEL-76751-17,1/31/2021 21:44:50,0,0,0,0,0,0,0,1,0,1,1,[],0,0.0
TEL-76924-17,1/31/2021 21:45:11,0,0,0,0,0,0,0,0,0,1,1,"['L1', 'L2']",0,0.0
TEL-76933-17,1/31/2021 21:45:38,0,0,0,0,0,0,0,0,0,1,1,"['L1', 'L2', 'N5']",0,0.0
TEL-77096-17-RV,1/31/2021 21:46:05,0,0,-1,1,0,1,0,0,1,1,0,[],0,0.0
TEL-77147-17,1/31/2021 21:46:25,0,0,1,0,-1,1,0,0,0,1,1,[],0,0.0
TEL-77229-17,1/31/2021 21:46:44,0,0,1,0,-1,1,0,0,0,1,1,[],0,0.0
TEL-77442-17; TET-77790-17,1/31/2021 21:47:07,0,0,0,0,0,0,0,0,0,1,1,"['L1', 'T5', 'T6']",0,0.0
TEL-77480-17,1/31/2021 21:47:30,0,1,1,0,-1,1,0,1,1,1,1,[],0,0.0
TEL-77505-17-RV; TEL-77505-17,1/31/2021 21:47:50,0,0,0,0,0,0,0,0,0,1,1,['L1'],0,0.0
TEL-77731-17,1/31/2021 21:48:13,0,0,1,0,-1,1,0,0,0,1,1,[],0,0.5
TNL-21455-19,1/7/2021 17:10:58,0,0,1,0,1,0,0,0,0,1,1,[],0,0.0
TNL-21497-19,1/7/2021 17:24:17,0,1,1,0,-1,1,0,1,0,1,0,[],0,1.0
TNL-21535-19,1/7/2021 17:43:54,1,1,-1,1,0,1,0,1,0,1,0,[],0,1.0
TNL-21766-19,1/7/2021 18:57:43,0,0,0,0,0,0,0,0,0,1,0,[],0,0.5
 TNL-21917-19,1/7/2021 19:21:57,0,1,-1,1,0,1,0,0,0,1,0,[],0,0.5
 TNL-22067-19,1/7/2021 19:56:57,0,0,0,0,0,0,0,0,0,1,0,[],0,0.0
TNL-22453-19,1/7/2021 20:54:57,0,0,-1,-1,0,0,0,1,0,1,0,[],0,0.0
TNL-22476-19,1/7/2021 22:21:20,0,0,1,0,-1,1,0,1,0,1,0,[],0,1.0
 TNL-22495-19,1/7/2021 22:36:25,0,0,0,0,0,0,0,0,0,1,0,[],0,1.0
 TNL-22838-19,1/7/2021 23:19:23,0,1,1,0,-1,1,0,0,0,1,0,[],0,0.0
 TNL-22974-19,1/7/2021 23:30:34,0,0,1,0,1,0,0,1,0,1,0,[],0,0.0
TNL-22578-19,1/7/2021 23:45:20,1,1,1,1,1,0,0,1,0,1,0,[],0,1.0
TNL-20730-19,1/8/2021 11:26:34,0,1,0,0,0,0,0,0,0,1,0,[],0,0.0
TNL-20735-19,1/8/2021 11:45:05,1,1,-1,1,0,0,1,1,0,1,1,[],0,0.5
TNL-20997-19,1/8/2021 11:57:21,0,1,1,0,-1,0,0,1,0,1,0,"['L1', 'L2']",0,1.0
TNL-04675-18,1/8/2021 18:06:11,0,1,-1,1,0,1,0,1,0,0,0,[],0,1.0
TEL-78110-17,1/31/2021 21:48:41,0,0,0,0,0,1,0,0,0,1,1,[],0,0.5
TEL-78426-17,1/31/2021 21:49:01,1,1,1,0,1,1,1,1,0,1,1,"['L1', 'L2']",0,0.0
TNL-04707-18,1/8/2021 18:14:48,0,0,0,0,0,0,0,0,0,0,0,[],0,0.0
TNL-04777-18,1/8/2021 18:23:03,1,0,-1,-1,0,0,1,1,0,0,0,[],0,1.0
TNL-04780-18,1/8/2021 18:29:45,1,0,-1,-1,0,1,1,0,0,0,0,[],0,1.0
TNL-04887-18,1/8/2021 18:46:13,1,0,0,0,0,1,0,0,0,0,0,[],0,0.0
TNL-04964-18,1/8/2021 18:56:39,1,1,-1,1,0,0,0,1,1,0,0,[],0,0.0
TNL-05217-18,1/8/2021 19:15:57,0,0,0,0,0,0,0,0,0,0,0,"['L1', 'L2']",0,0.0
TEL-78434-17-RV,1/31/2021 21:49:24,1,1,1,0,-1,0,0,1,1,1,1,[],0,0.0
TNL-05257-18,1/8/2021 19:23:37,1,0,0,0,0,1,0,1,0,0,1,[],0,0.0
TEL-78805-17,1/31/2021 21:49:45,0,0,0,0,0,0,0,0,0,1,1,"['L1', 'L2']",0,0.0
TEL-78933-17,1/31/2021 21:50:05,0,0,0,0,0,0,0,0,0,1,1,[],0,0.0
TNL-21180-19,1/11/2021 10:35:22,0,0,1,0,-1,1,0,0,0,1,0,[],0,0.5
TNL-21272-19,1/11/2021 10:57:58,0,0,1,0,1,0,0,1,0,1,0,[],0,0.0
TNL-21276-19,1/11/2021 11:09:14,0,0,1,0,-1,1,0,1,0,1,0,[],0,1.0
TNL-05317-18,1/13/2021 23:50:20,1,0,1,-1,-1,1,0,1,0,1,0,[],0,0.5
TNL-05465-18,1/13/2021 23:58:14,0,0,1,0,-1,0,0,0,0,1,0,[],0,0.5
TEL-91777-18,1/14/2021 19:37:09,0,0,0,0,0,0,0,0,0,1,0,[],0,0.0
TEL-91777-18-AM,1/14/2021 19:45:43,0,0,0,0,0,0,0,0,0,1,0,[],0,0.0
TEL-91895-18,1/14/2021 19:53:31,0,0,1,0,-1,0,0,0,0,1,0,[],0,0.5
TNL-05489-18,1/14/2021 23:13:41,0,0,0,0,0,0,0,0,0,1,0,[],0,0.0
TNL-05535-18,1/14/2021 23:20:32,1,0,0,0,0,0,0,1,1,1,0,[],0,0.0
TNL-05628-18,1/14/2021 23:30:16,0,0,-1,1,0,0,0,0,0,1,0,[],0,0.0
TNL-05681-18,1/14/2021 23:38:13,1,1,0,0,0,1,0,1,0,1,0,[],0,1.0
TNL-05697-18,1/14/2021 23:50:25,0,0,0,0,0,0,0,0,0,1,0,"['L1', 'L2']",0,0.0
TNL-05797-18,1/15/2021 23:00:37,0,0,0,0,0,0,0,0,0,1,0,[],0,0.0
TNL-05902-18,1/15/2021 23:08:04,0,1,-1,1,0,1,0,0,1,1,0,[],0,0.0
TNL-05962-18,1/15/2021 23:14:01,1,0,1,0,-1,1,0,1,1,1,0,[],0,1.0
TNL-05991-18,1/15/2021 23:18:47,0,0,0,0,0,0,0,0,0,1,0,"['L1', 'L2']",0,0.0
TNL-05995-18,1/15/2021 23:26:20,0,0,0,0,0,1,0,0,0,1,0,[],0,0.0
TNL-06020-18,1/15/2021 23:35:23,0,1,0,0,0,0,0,0,0,1,0,"['L1', 'L2']",0,0.0
TNL-06025-18; TNL-06026-18,1/15/2021 23:39:34,0,0,0,0,0,0,0,0,0,1,0,"['L1', 'L2']",0,0.0
TNL-06053-18,1/15/2021 23:43:59,0,0,0,0,0,1,0,0,0,1,0,[],1,0.0
TNL-06180-18,1/15/2021 23:47:49,0,0,0,0,0,0,0,0,0,1,0,[],0,0.0
TNL-06188-18,1/15/2021 23:52:47,0,0,0,0,0,0,0,0,0,1,0,[],0,0.0
TNL-06380-18,1/20/2021 22:57:05,0,1,0,1,0,0,0,1,0,1,0,[],0,0.5
TNL-06460-18,1/20/2021 23:05:03,0,1,-1,-1,0,0,1,0,0,1,0,[],0,0.5
TNL-06467-18,1/20/2021 23:08:29,0,0,0,0,0,0,0,0,0,1,0,[],0,0.0
TNL-06558-18,1/20/2021 23:16:45,1,1,0,1,0,0,0,0,1,1,0,[],0,0.0
TNL-06600-18,1/20/2021 23:24:05,1,1,-1,1,0,0,0,0,0,1,0,[],0,0.0
TNL-07115-18,1/20/2021 23:27:56,0,0,0,0,0,0,0,0,0,1,0,['N5'],0,0.0
TNL-07118-18,1/20/2021 23:33:25,0,0,-1,-1,0,0,0,1,0,1,0,[],0,0.5
TNL-07532-18,1/20/2021 23:39:18,0,0,0,0,0,0,0,0,0,1,0,['N8'],0,0.0
TNL-07557-18,1/20/2021 23:43:28,0,0,0,0,0,0,0,0,0,1,0,"['L1', 'L2']",0,0.0
TNL-07682-18,1/20/2021 23:50:36,0,1,0,0,0,1,0,1,0,1,0,[],0,0.0
TSL-95225-18,1/22/2021 22:43:10,0,0,0,0,0,0,0,0,0,1,0,[],0,0.0
TSL-95431-18-RV,1/22/2021 22:55:36,0,0,0,0,0,0,0,0,0,1,0,[],0,0.0
TSL-95548-18,1/22/2021 23:14:31,0,0,0,0,0,0,0,0,0,1,0,"['L2', 'N5']",0,0.0
TSL-95601-18,1/22/2021 23:25:38,0,0,0,0,0,0,0,0,0,1,0,[],0,0.0
CEL-83383-19,1/24/2021 20:42:21,0,0,0,0,0,0,0,0,0,1,0,"['L1', 'L2', 'N5', 'N8']",0,0.0
CEL-82854-19,1/24/2021 21:13:57,0,1,0,0,0,0,0,1,0,1,0,[],0,0.0
CEL-80413-18,1/24/2021 21:42:04,0,0,0,0,0,0,0,1,0,1,0,"['L1', 'L2']",0,0.0
CEL-80181-18,1/24/2021 21:49:48,0,0,0,0,0,0,0,0,0,1,0,"['L1', 'L2']",0,0.0
TSL-12580-19,1/24/2021 22:01:16,0,0,0,0,0,0,0,0,0,1,0,"['L1', 'L2', 'N5']",0,0.0
TNL-07861-18,1/28/2021 17:58:01,0,0,1,0,1,0,0,1,0,1,0,[],0,0.5
TNL-07941-18,1/28/2021 18:10:07,1,0,1,0,1,1,0,1,1,1,0,[],0,0.5
TNL-07984-18,1/28/2021 18:26:37,0,0,0,0,0,0,0,0,0,1,0,[],0,0.0
TNL-08396-18,1/28/2021 18:33:24,0,0,0,0,0,1,0,0,0,1,0,[],0,0.5
TNL-08496-18,1/28/2021 18:40:13,0,0,0,0,0,0,0,0,0,1,0,[],0,0.0
TNL-08533-18,1/28/2021 18:47:18,1,0,0,0,0,1,0,1,0,1,0,[],1,1.0
TNL-08539-18,1/28/2021 18:51:25,0,0,0,0,0,0,0,0,0,1,0,[],0,0.0
TNL-08580-18,1/28/2021 19:07:23,0,0,0,0,0,0,0,0,0,1,0,"['L1', 'L2']",0,0.0
TNL-08631-18-AM,1/28/2021 19:22:26,0,0,0,0,0,0,0,0,0,1,0,[],0,0.0
TEL-88533-18,1/28/2021 21:17:56,1,0,1,0,0,1,1,1,0,1,1,"['L1', 'L2']",0,0.5
TNL-08731-18,1/28/2021 22:03:23,1,0,0,0,0,1,0,1,1,1,0,[],0,1.0
TNL-08784-18,1/28/2021 22:09:30,0,0,0,0,0,0,0,0,0,1,0,[],0,0.0
TNL-09097-18,1/28/2021 22:14:30,0,0,0,0,0,0,0,0,0,1,0,[],0,0.0
TNL-09111-18,1/28/2021 22:20:04,0,0,0,0,0,0,0,0,0,1,0,[],0,0.0
TNL-09432-18,1/28/2021 22:26:37,0,1,1,0,-1,1,1,1,0,1,0,[],0,1.0
TNL-09828-18,1/28/2021 22:31:01,0,0,0,0,0,0,0,0,0,1,0,[],0,0.0
TSL-12433-19,1/29/2021 19:39:21,0,0,0,0,0,0,0,0,0,1,0,"['L1', 'L2']",0,0.0
TNL-23256-20,1/29/2021 20:27:17,0,1,0,0,0,0,0,1,0,1,1,[],0,0.5
TSL-07388-19,1/29/2021 20:49:37,0,0,0,0,0,0,0,0,0,1,0,['T6'],0,0.0
TNL-21346-19,1/29/2021 21:23:40,0,0,1,-1,1,0,0,1,0,1,0,[],0,0.5
TNL-21363-19,1/29/2021 21:36:28,0,0,1,0,-1,1,0,1,0,1,0,[],0,0.5
TNL-21473-19,1/29/2021 21:56:29,0,0,1,0,1,0,1,0,0,1,0,[],0,0.5
TNL-21505-19,1/29/2021 22:12:42,0,1,-1,1,0,0,0,1,1,1,0,[],1,0.5
TNL-21820-19,1/30/2021 0:31:39,1,1,0,0,0,0,0,0,0,1,0,['N5'],0,0.0
TNL-22459-19,1/30/2021 0:42:23,1,0,1,0,-1,1,0,1,0,1,0,[],0,0.5
TSL-08283-19-RV,1/30/2021 0:55:56,0,0,0,0,0,0,0,1,0,1,0,['L1'],0,0.0
TSL-10696-19,1/30/2021 1:14:33,0,0,0,0,0,0,0,0,0,1,0,[],0,0.0
TSL-10697-19,1/30/2021 1:13:51,0,0,0,0,0,0,0,0,0,1,0,[],0,0.0
TSL-11933-19,1/30/2021 1:26:32,0,0,-1,1,0,1,1,1,0,1,0,"['L1', 'L2']",0,0.0
TSL-12392-19,1/30/2021 1:38:48,0,0,0,0,0,0,0,0,0,1,0,"['L2', 'L9', 'N5', 'N7', 'N8']",0,0.0
CEL-83044-19,1/30/2021 13:10:52,0,0,1,0,1,0,0,1,0,1,1,['L1'],0,0.5
CEL-83008-19,1/30/2021 13:33:00,1,0,0,0,0,0,0,1,0,1,0,"['L1', 'L2', 'N5']",0,0.0
TSL-13225-20,1/30/2021 13:51:19,0,0,1,0,-1,0,0,0,0,1,0,[],0,0.5
CEL-81147-18,1/30/2021 14:19:28,0,0,0,0,0,0,0,0,0,1,0,['L1'],1,0.0
CEL-78863-18,1/30/2021 14:44:51,0,0,0,0,0,0,0,0,0,1,0,"['L1', 'L2', 'N5', 'N6', 'N7', 'N8']",1,0.0
CEL-82129-19,1/30/2021 15:07:10,0,0,0,0,0,0,0,0,0,1,0,[],0,0.0
CEL-80220-18,1/30/2021 15:34:10,0,1,0,0,0,0,0,0,0,1,0,"['L1', 'L2', 'T2', 'N5']",0,0.0
TSL-95605-18,1/30/2021 16:06:05,0,0,0,0,0,0,0,0,0,1,0,['L1'],0,0.0
TSL-95667-18,1/30/2021 16:15:53,0,0,0,0,0,0,0,0,0,1,0,"['L1', 'L2']",0,0.0
TSL-95674-18,1/30/2021 16:24:51,0,0,0,0,0,0,0,1,0,1,1,[],1,0.5
TSL-95717-18,1/30/2021 18:53:02,0,0,0,0,0,0,0,0,0,1,0,[],0,0.0
TSL-95811-18,1/30/2021 18:59:36,0,0,0,0,0,0,0,0,0,1,0,"['L1', 'L2']",0,0.0
TSL-95864-18,1/30/2021 19:23:07,0,0,0,0,0,0,0,0,0,1,0,[],0,0.0
TSL-95874-18,1/30/2021 19:34:42,1,1,1,-1,-1,1,0,0,0,0,0,[],0,0.0
TSL-96198-18-RV,1/30/2021 19:45:56,1,0,1,0,-1,0,0,0,1,1,0,[],0,0.0
TSL-96267-18,1/30/2021 19:57:35,0,1,0,0,0,0,0,0,0,1,0,[],0,0.0
TSL-96905-18,1/30/2021 21:36:21,0,0,0,0,0,0,0,0,0,1,0,"['L1', 'L2']",0,0.0
TSL-97247-18-RV,1/30/2021 21:43:49,0,0,0,0,0,0,0,0,0,1,0,[],0,0.0
TSL-97498-18-RV2-AM,1/30/2021 21:50:00,0,0,0,0,0,0,0,0,0,1,0,[],0,0.0
TSL-97576-18,1/30/2021 21:59:39,0,0,0,0,0,0,0,0,0,1,0,"['L1', 'L2']",0,0.5
TSL-97632-18,1/30/2021 22:12:33,0,0,0,0,0,0,0,0,0,1,0,"['L1', 'L2', 'N7']",1,0.0
TSL-98005-18,1/30/2021 22:23:55,1,0,0,0,0,0,0,0,0,1,0,['L9'],0,0.0
TSL-98020-18-RV,1/30/2021 22:32:45,1,0,0,0,0,0,0,1,0,1,0,[],0,0.0
TSL-98059-18,1/30/2021 22:46:03,0,0,1,0,1,0,1,1,0,1,0,[],0,0.5
TEL-88767-18,1/30/2021 22:51:41,0,1,0,0,0,0,0,0,0,1,1,[],0,0.0
TSL-98173-18,1/30/2021 22:54:00,0,0,1,0,-1,0,1,1,1,1,0,[],0,0.5
TEL-88799-18,1/30/2021 22:55:52,0,0,0,0,0,0,0,0,0,1,1,[],0,0.0
TSL-98384-18-AM,1/30/2021 22:57:51,0,0,0,0,0,0,0,0,0,1,0,[],0,0.0
TEL-88801-18,1/30/2021 23:07:35,0,0,-1,0,1,1,1,0,0,1,1,[],1,0.5
TSL-03695-19,1/30/2021 23:23:11,1,0,-1,1,0,0,1,1,1,1,0,['L1'],0,0.0
TSL-98445-18,1/30/2021 23:34:27,1,0,0,0,0,0,0,0,0,1,0,"['L1', 'L2']",0,0.0
TSL-03751-19,1/30/2021 23:41:22,0,0,0,0,0,0,0,0,0,1,0,[],0,0.5
TSL-98604-18,1/30/2021 23:45:21,0,1,0,0,0,0,0,1,0,1,0,[],0,0.0
TSL-03762-19,1/31/2021 16:15:25,0,0,-1,-1,0,0,1,1,0,1,1,[],0,0.0
TSL-03769-19,1/31/2021 16:26:20,0,0,1,0,1,0,0,0,0,1,0,['L1'],0,0.5
TSL-03778-19,1/31/2021 16:45:34,0,0,0,0,0,1,0,0,0,0,0,[],0,1.0
TSL-04078-19,1/31/2021 17:19:36,0,0,0,-1,0,0,0,0,0,1,0,"['L1', 'L2', 'N5']",0,0.0
TSL-04079-19,1/31/2021 17:44:50,0,0,0,0,0,0,0,0,0,1,0,[],0,0.0
TSL-04253-19,1/31/2021 18:00:48,0,0,0,0,0,0,0,1,0,1,0,"['T2', 'N8']",1,0.0
TEL-78938-17,1/31/2021 21:50:24,0,0,0,0,0,0,0,1,0,1,1,[],0,0.0
TEL-79260-17,1/31/2021 21:50:43,0,0,0,0,0,0,0,0,0,1,1,['L1'],0,0.0
TEL-79283-17,1/31/2021 18:39:15,0,1,1,0,-1,0,0,0,0,1,1,"['L1', 'L2']",0,0.5
TEL-79447-17-RV,1/31/2021 18:57:24,0,1,0,0,0,0,0,0,0,1,1,[],0,0.0
TSL-04253-19-RV,1/31/2021 19:23:01,0,0,0,0,0,0,0,0,0,0,0,"['L2', 'T2']",0,0.0
TEL-79519-17; TET-79366-17,1/31/2021 19:30:19,1,1,-1,1,0,0,0,0,1,1,1,"['L1', 'L2', 'T2']",0,0.0
TEL-79563-17,1/31/2021 19:40:17,0,1,1,0,-1,1,0,0,0,1,1,[],0,0.5
TSL-04311-19,1/31/2021 19:54:14,0,0,0,0,0,0,0,0,0,1,1,"['L1', 'L2', 'N8']",0,0.0
 TEL-79722-17,1/31/2021 19:55:04,0,0,0,0,0,0,0,0,0,1,1,"['L1', 'L2']",0,0.0
TEL-79946-17-RV,1/31/2021 20:02:11,0,0,0,0,0,1,0,1,0,1,1,[],0,1.0
TSL-04444-19,1/31/2021 20:03:36,0,0,1,0,-1,0,0,0,0,1,0,"['L1', 'L3']",1,0.0
TSL-04979-19,1/31/2021 20:12:26,0,0,0,0,-1,0,0,0,0,1,0,"['N5', 'N8']",0,1.0
TEL-80073-17,1/31/2021 20:14:03,0,0,0,0,0,0,0,0,0,1,1,"['L1', 'L2', 'T2']",0,0.0
TSL-05638-19,1/31/2021 20:21:13,1,0,-1,1,0,1,0,0,1,1,0,[],0,0.0
TEL-80084-17,1/31/2021 20:23:55,0,1,1,1,0,1,0,1,1,1,1,[],0,0.5
TEL-80169-17,1/31/2021 20:32:41,0,0,0,0,0,0,0,0,0,1,1,"['L1', 'L2']",0,0.0
TEL-80248-17,1/31/2021 20:37:20,0,0,0,0,0,0,0,0,0,1,1,"['L1', 'L2']",0,0.0
TEL-80320-17,1/31/2021 20:41:48,0,0,0,0,0,0,0,0,0,1,1,[],0,0.0
TEL-80483-17-RV,1/31/2021 20:57:25,0,0,0,0,0,0,0,0,0,1,1,[],1,0.0
TSL-05944-19,1/31/2021 20:57:38,0,0,0,0,0,0,0,0,0,1,1,"['L1', 'L2', 'N8']",0,0.0
TEL-80715-17,1/31/2021 21:04:49,0,0,0,0,0,0,0,0,0,1,1,[],0,0.0
 TEL-80773-17,1/31/2021 21:08:55,0,0,0,0,0,0,0,0,0,1,1,[],0,0.0
TSL-98711-18,1/31/2021 21:11:23,0,0,0,0,0,0,0,0,0,1,0,[],0,0.0
TEL-81094-17,1/31/2021 21:16:17,0,0,0,0,0,0,0,1,0,1,1,"['L1', 'L2']",0,0.0
TSL-98713-18,1/31/2021 21:19:09,0,0,0,0,0,0,0,0,0,0,0,[],0,0.0
 TEL-81359-17-AM,1/31/2021 21:21:33,0,1,0,0,0,0,0,0,0,1,1,"['L1', 'L2']",0,1.0
TSL-98714-18,1/31/2021 21:25:29,1,1,-1,-1,0,0,0,0,0,0,0,[],0,0.5
TEL-81400-17,1/31/2021 21:27:42,0,0,0,0,0,0,0,0,0,1,1,"['L1', 'L2']",0,0.0
 TEL-81405-17,1/31/2021 21:32:22,0,0,0,0,0,0,0,0,0,1,1,[],0,0.0
TSL-06394-19,1/31/2021 21:32:45,0,0,0,0,0,0,0,0,0,1,1,"['L1', 'L2', 'N8']",0,0.0
TSL-98754-18,1/31/2021 21:32:48,0,0,0,0,0,0,0,0,0,0,0,[],0,0.0
TSL-98756-18,1/31/2021 21:36:21,0,0,0,0,0,0,0,0,0,1,0,[],0,0.0
TSL-06770-19,1/31/2021 21:41:15,1,0,1,1,-1,0,0,0,1,1,1,[],0,0.5
TSL-98918-18-RV,1/31/2021 21:44:45,0,0,1,0,1,0,0,0,0,1,0,"['L1', 'L2']",1,0.0
TSL-06833-19,1/31/2021 21:48:58,0,0,0,0,0,0,0,0,0,1,0,"['L1', 'L2', 'N5', 'N6']",0,0.0
TSL-99691-18,1/31/2021 21:50:10,0,0,0,0,0,0,0,0,0,1,0,"['L1', 'L2', 'N8']",0,0.0
TSL-99824-18,1/31/2021 21:54:47,0,0,0,0,0,0,0,0,0,1,0,"['L1', 'L2', 'N5']",0,0.0
TSL-99900-18,1/31/2021 22:08:50,0,0,0,0,0,0,0,0,0,1,0,"['L1', 'L2']",0,0.0
TSL-99965-18,1/31/2021 22:15:34,0,0,0,0,0,0,0,0,0,1,0,"['L1', 'L2', 'N5']",0,0.0
TSL-06955-19-RV,1/31/2021 22:21:26,0,0,0,0,0,0,0,0,0,1,0,"['L1', 'L2']",0,1.0
CEL-62600-16,1/31/2021 22:26:19,0,0,0,0,0,0,0,0,0,1,0,"['L1', 'L2', 'N5', 'N6']",0,0.0
TSL-07120-19,1/31/2021 22:33:07,0,0,0,0,0,0,0,0,0,1,1,"['L1', 'L2', 'N5', 'N7', 'N8']",0,0.0
CEL-62852-16,1/31/2021 22:35:03,0,1,1,1,1,0,0,1,1,1,0,[],0,1.0
CEL-63056-16,1/31/2021 22:41:31,0,0,0,0,0,0,0,0,0,1,0,[],0,0.0
CEL-63024-16,1/31/2021 22:46:35,0,0,1,0,-1,0,0,1,0,1,0,[],0,1.0
CEL-63193-16,1/31/2021 22:54:07,1,0,1,0,-1,0,0,1,0,1,0,['L1'],1,0.0
CEL-63559-17,1/31/2021 22:59:59,0,0,0,0,0,0,0,0,0,1,0,"['L1', 'L2', 'N8']",0,0.5
CEL-63931-17,1/31/2021 23:11:03,1,0,-1,1,0,0,0,0,1,1,0,"['L1', 'L2', 'N5']",0,0.0
CEL-63965-17-RV,1/31/2021 23:17:02,0,0,0,0,0,0,0,0,0,1,0,[],0,0.0
CEL-64051-17,1/31/2021 23:23:06,0,1,1,0,-1,0,1,0,0,1,0,"['L1', 'L2', 'L8']",0,0.0
TSL-07620-19,2/1/2021 0:55:49,1,0,0,0,0,0,0,0,0,1,1,"['L1', 'T2', 'T6']",0,0.0
File number: TSL-07666-19-RV,2/1/2021 1:21:42,0,0,1,0,-1,1,0,0,0,1,1,"['L1', 'L2', 'N8']",0,0.0
TSL-08760-19,2/1/2021 1:33:43,0,0,0,0,0,0,0,0,0,1,0,[],0,0.0
TSL-08918-19,2/1/2021 2:31:15,0,0,0,0,0,0,0,0,0,1,0,[],0,0.0
TSL-10061-19,2/1/2021 2:51:28,0,0,1,0,-1,0,0,0,0,1,0,"['L2', 'N5', 'N8']",0,0.0
TSL-10720-19,2/1/2021 3:01:44,0,0,0,1,0,0,0,1,1,1,1,[],1,0.0
TSL-93207-18-RV; TST-94747-18; TSL-00082-18,2/1/2021 17:28:33,1,0,1,0,-1,1,0,1,1,1,1,['L1'],0,0.0
TSL-95225-18-RV,2/1/2021 18:43:42,0,0,1,0,-1,0,0,0,0,1,1,[],0,0.5
TSL-95896-18-RV,2/1/2021 19:10:49,1,0,0,0,0,0,0,1,0,1,1,['L1'],0,0.0
TSL-97152-18-RV,2/1/2021 19:33:39,0,1,0,0,0,0,0,0,0,1,1,['L1'],0,0.0
TSL-97697-18,2/1/2021 20:00:27,0,0,0,0,0,0,0,1,0,1,0,"['L1', 'L2', 'N8']",0,0.0
TSL-98395-18,2/1/2021 21:27:53,0,0,0,0,0,0,0,0,0,1,0,"['L1', 'T6']",0,1.0
TSL-98879-18,2/1/2021 21:42:31,0,0,1,0,-1,1,1,0,0,1,1,"['L1', 'L2']",0,0.0
 TSL-99380-18-RV,2/1/2021 21:55:55,1,0,0,-1,0,0,0,0,0,1,0,[],0,0.0
TST-06337-19-IN,2/1/2021 22:10:10,0,0,0,0,0,0,0,0,0,1,0,['N5'],0,0.0
CEL-71370-17,2/1/2021 22:20:33,0,1,0,0,0,0,0,0,1,1,1,[],0,0.0
CEL-71536-17,2/1/2021 23:36:33,0,0,0,0,0,0,0,0,0,1,0,"['L1', 'L2', 'N5']",0,0.0
CEL-72199-17,2/1/2021 23:48:07,0,1,0,0,0,0,0,0,0,1,1,"['L1', 'L2', 'L9', 'N7']",0,0.0
CEL-72209-17; CET-73173-18,2/2/2021 0:08:38,1,1,0,0,0,0,0,0,1,1,0,"['T2', 'T3', 'T6']",0,0.0
CEL-72857-18,2/2/2021 0:30:57,0,1,0,0,0,0,0,1,0,1,1,"['L1', 'L2', 'N5', 'N8']",0,1.0
CEL-72859-18,2/2/2021 0:38:38,0,0,0,0,0,0,0,0,0,1,1,"['L1', 'L2']",0,0.0
CEL-72919-18,2/2/2021 0:47:04,0,0,1,0,-1,0,0,0,0,1,1,"['L2', 'L8', 'L9']",0,0.0
CEL-72953-18,2/2/2021 1:02:43,0,0,0,0,0,0,0,0,0,1,1,"['L1', 'L2', 'N5']",0,0.0
CEL-72966-18,2/2/2021 1:18:07,0,1,0,0,0,0,0,0,0,1,1,[],0,0.0
TSL-03695-19,2/2/2021 1:24:13,1,0,-1,1,0,0,1,1,0,1,0,[],0,0.0
TEL-01869-19,2/7/2021 22:21:42,0,1,0,-1,0,0,0,0,0,0,1,[],0,0.5
